{
  "timestamp": "2026-03-22T11:30:46.123363",
  "cache_system": "弥娅统一缓存系统",
  "summary": {},
  "write_performance": {
    "total_operations": 500,
    "avg_time_ms": 0.0023609998170286417,
    "min_time_ms": 0.0018999853637069464,
    "max_time_ms": 0.02139998832717538,
    "ops_per_sec": 423549.37632249243
  },
  "read_performance": {
    "total_operations": 500,
    "avg_time_ms": 0.0009847997571341693,
    "min_time_ms": 0.0007999769877642393,
    "max_time_ms": 0.005900015821680427,
    "ops_per_sec": 1015434.8564321994
  },
  "hit_rate": {
    "avg_hit_rate": 100.0,
    "min_hit_rate": 100.0,
    "max_hit_rate": 100.0
  },
  "memory_usage": {
    "avg_memory_per_item": 122.44065,
    "min_memory_per_item": 15.9726,
    "max_memory_per_item": 158.89
  }
}